# fichier	texte (généré par tools/liste_sons.js)
audio/bravo.m4a	bravo !
audio/lettres/a.m4a	a
audio/lettres/b.m4a	bé
audio/lettres/c.m4a	cé
audio/lettres/d.m4a	dé
audio/lettres/e.m4a	eu
audio/lettres/f.m4a	effe
audio/lettres/g.m4a	gé
audio/lettres/h.m4a	hache
audio/lettres/i.m4a	i
audio/lettres/j.m4a	ji
audio/lettres/k.m4a	ka
audio/lettres/l.m4a	elle
audio/lettres/m.m4a	emme
audio/lettres/n.m4a	enne
audio/lettres/o.m4a	o
audio/lettres/p.m4a	pé
audio/lettres/q.m4a	ku
audio/lettres/r.m4a	erre
audio/lettres/s.m4a	esse
audio/lettres/t.m4a	té
audio/lettres/u.m4a	u
audio/lettres/v.m4a	vé
audio/lettres/w.m4a	double vé
audio/lettres/x.m4a	ixe
audio/lettres/y.m4a	i grec
audio/lettres/z.m4a	zède
audio/mots/leo.m4a	léo
audio/mots/papa.m4a	papa
audio/mots/maman.m4a	maman
audio/mots/burckhardt.m4a	burkarte
audio/mots/chat.m4a	chat
audio/mots/rat.m4a	rat
audio/mots/loup.m4a	loup
audio/mots/ours.m4a	ours
audio/mots/lion.m4a	lion
audio/mots/chien.m4a	chien
audio/mots/vache.m4a	vache
audio/mots/lapin.m4a	lapin
audio/mots/poule.m4a	poule
audio/mots/singe.m4a	singe
audio/mots/tigre.m4a	tigre
audio/mots/zebre.m4a	zèbre
audio/mots/canard.m4a	canard
audio/mots/cochon.m4a	cochon
audio/mots/mouton.m4a	mouton
audio/mots/cheval.m4a	cheval
audio/mots/tortue.m4a	tortue
audio/mots/poisson.m4a	poisson
audio/mots/serpent.m4a	serpent
audio/mots/bus.m4a	bus
audio/mots/taxi.m4a	taxi
audio/mots/moto.m4a	moto
audio/mots/velo.m4a	vélo
audio/mots/train.m4a	train
audio/mots/avion.m4a	avion
audio/mots/bateau.m4a	bateau
audio/mots/camion.m4a	camion
audio/mots/fusee.m4a	fusée
audio/mots/riz.m4a	riz
audio/mots/bol.m4a	bol
audio/mots/pain.m4a	pain
audio/mots/lait.m4a	lait
audio/mots/pomme.m4a	pomme
audio/mots/poire.m4a	poire
audio/mots/pizza.m4a	pizza
audio/mots/glace.m4a	glace
audio/mots/banane.m4a	banane
audio/mots/fraise.m4a	fraise
audio/mots/citron.m4a	citron
audio/mots/tomate.m4a	tomate
audio/mots/gateau.m4a	gâteau
audio/mots/carotte.m4a	carotte
audio/mots/mer.m4a	mer
audio/mots/feu.m4a	feu
audio/mots/eau.m4a	eau
audio/mots/lune.m4a	lune
audio/mots/fleur.m4a	fleur
audio/mots/arbre.m4a	arbre
audio/mots/soleil.m4a	soleil
audio/mots/etoile.m4a	étoile
audio/mots/lit.m4a	lit
audio/mots/sac.m4a	sac
audio/mots/nez.m4a	nez
audio/mots/cle.m4a	clé
audio/mots/main.m4a	main
audio/mots/pied.m4a	pied
audio/mots/dent.m4a	dent
audio/mots/roi.m4a	roi
audio/mots/fee.m4a	fée
audio/mots/livre.m4a	livre
audio/mots/robot.m4a	robot
audio/mots/ballon.m4a	ballon
audio/mots/maison.m4a	maison
audio/mots/cadeau.m4a	cadeau
audio/syllabes/ab.m4a	ab
audio/syllabes/abl.m4a	abl
audio/syllabes/abr.m4a	abr
audio/syllabes/ac.m4a	ac
audio/syllabes/ach.m4a	ach
audio/syllabes/acl.m4a	acl
audio/syllabes/acr.m4a	acr
audio/syllabes/ad.m4a	ad
audio/syllabes/adr.m4a	adr
audio/syllabes/af.m4a	af
audio/syllabes/afl.m4a	afl
audio/syllabes/afr.m4a	afr
audio/syllabes/ag.m4a	ag
audio/syllabes/age.m4a	age
audio/syllabes/agl.m4a	agl
audio/syllabes/agr.m4a	agr
audio/syllabes/aib.m4a	aib
audio/syllabes/aic.m4a	aic
audio/syllabes/aid.m4a	aid
audio/syllabes/aif.m4a	aif
audio/syllabes/aig.m4a	aig
audio/syllabes/al.m4a	al
audio/syllabes/am.m4a	am
audio/syllabes/amm.m4a	amm
audio/syllabes/amp.m4a	amp
audio/syllabes/an.m4a	an
audio/syllabes/anl.m4a	anl
audio/syllabes/anm.m4a	anm
audio/syllabes/ann.m4a	ann
audio/syllabes/anr.m4a	anr
audio/syllabes/ans.m4a	ans
audio/syllabes/ant.m4a	ant
audio/syllabes/ap.m4a	ap
audio/syllabes/ar.m4a	ar
audio/syllabes/as.m4a	as
audio/syllabes/at.m4a	at
audio/syllabes/ath.m4a	ath
audio/syllabes/ba.m4a	ba
audio/syllabes/bai.m4a	bai
audio/syllabes/ban.m4a	ban
audio/syllabes/bau.m4a	bau
audio/syllabes/be.m4a	be
audio/syllabes/bei.m4a	bei
audio/syllabes/ben.m4a	ben
audio/syllabes/beu.m4a	beu
audio/syllabes/bi.m4a	bi
audio/syllabes/bin.m4a	bin
audio/syllabes/bla.m4a	bla
audio/syllabes/ble.m4a	ble
audio/syllabes/bli.m4a	bli
audio/syllabes/blo.m4a	blo
audio/syllabes/blu.m4a	blu
audio/syllabes/bly.m4a	bly
audio/syllabes/bo.m4a	bo
audio/syllabes/boi.m4a	boi
audio/syllabes/bon.m4a	bon
audio/syllabes/bou.m4a	bou
audio/syllabes/bra.m4a	bra
audio/syllabes/bre.m4a	bre
audio/syllabes/bri.m4a	bri
audio/syllabes/bro.m4a	bro
audio/syllabes/bru.m4a	bru
audio/syllabes/bry.m4a	bry
audio/syllabes/bu.m4a	bu
audio/syllabes/bui.m4a	bui
audio/syllabes/bun.m4a	bun
audio/syllabes/buy.m4a	buy
audio/syllabes/by.m4a	by
audio/syllabes/byn.m4a	byn
audio/syllabes/ca.m4a	ca
audio/syllabes/cai.m4a	cai
audio/syllabes/can.m4a	can
audio/syllabes/cau.m4a	cau
audio/syllabes/ce.m4a	ce
audio/syllabes/cei.m4a	cei
audio/syllabes/cen.m4a	cen
audio/syllabes/ceu.m4a	ceu
audio/syllabes/cha.m4a	cha
audio/syllabes/che.m4a	che
audio/syllabes/chi.m4a	chi
audio/syllabes/cho.m4a	cho
audio/syllabes/chu.m4a	chu
audio/syllabes/chy.m4a	chy
audio/syllabes/ci.m4a	ci
audio/syllabes/cin.m4a	cin
audio/syllabes/cla.m4a	cla
audio/syllabes/cle.m4a	cle
audio/syllabes/cli.m4a	cli
audio/syllabes/clo.m4a	clo
audio/syllabes/clu.m4a	clu
audio/syllabes/cly.m4a	cly
audio/syllabes/co.m4a	co
audio/syllabes/coi.m4a	coi
audio/syllabes/cou.m4a	cou
audio/syllabes/cra.m4a	cra
audio/syllabes/cre.m4a	cre
audio/syllabes/cri.m4a	cri
audio/syllabes/cro.m4a	cro
audio/syllabes/cru.m4a	cru
audio/syllabes/cry.m4a	cry
audio/syllabes/cu.m4a	cu
audio/syllabes/cui.m4a	cui
audio/syllabes/cun.m4a	cun
audio/syllabes/cuy.m4a	cuy
audio/syllabes/cy.m4a	cy
audio/syllabes/cyn.m4a	cyn
audio/syllabes/da.m4a	da
audio/syllabes/dai.m4a	dai
audio/syllabes/dan.m4a	dan
audio/syllabes/dau.m4a	dau
audio/syllabes/de.m4a	de
audio/syllabes/dei.m4a	dei
audio/syllabes/den.m4a	den
audio/syllabes/deu.m4a	deu
audio/syllabes/di.m4a	di
audio/syllabes/din.m4a	din
audio/syllabes/do.m4a	do
audio/syllabes/doi.m4a	doi
audio/syllabes/don.m4a	don
audio/syllabes/dou.m4a	dou
audio/syllabes/dra.m4a	dra
audio/syllabes/dre.m4a	dre
audio/syllabes/dri.m4a	dri
audio/syllabes/dro.m4a	dro
audio/syllabes/dru.m4a	dru
audio/syllabes/dry.m4a	dry
audio/syllabes/du.m4a	du
audio/syllabes/dui.m4a	dui
audio/syllabes/dun.m4a	dun
audio/syllabes/duy.m4a	duy
audio/syllabes/dy.m4a	dy
audio/syllabes/dyn.m4a	dyn
audio/syllabes/el.m4a	el
audio/syllabes/em.m4a	em
audio/syllabes/emm.m4a	emm
audio/syllabes/emp.m4a	emp
audio/syllabes/en.m4a	en
audio/syllabes/enl.m4a	enl
audio/syllabes/enm.m4a	enm
audio/syllabes/enn.m4a	enn
audio/syllabes/enr.m4a	enr
audio/syllabes/ens.m4a	ens
audio/syllabes/ent.m4a	ent
audio/syllabes/ep.m4a	ep
audio/syllabes/er.m4a	er
audio/syllabes/es.m4a	es
audio/syllabes/et.m4a	et
audio/syllabes/fa.m4a	fa
audio/syllabes/fai.m4a	fai
audio/syllabes/fan.m4a	fan
audio/syllabes/fau.m4a	fau
audio/syllabes/fe.m4a	fe
audio/syllabes/fei.m4a	fei
audio/syllabes/fen.m4a	fen
audio/syllabes/feu.m4a	feu
audio/syllabes/fi.m4a	fi
audio/syllabes/fin.m4a	fin
audio/syllabes/fla.m4a	fla
audio/syllabes/fle.m4a	fle
audio/syllabes/fli.m4a	fli
audio/syllabes/flo.m4a	flo
audio/syllabes/flu.m4a	flu
audio/syllabes/fly.m4a	fly
audio/syllabes/fo.m4a	fo
audio/syllabes/foi.m4a	foi
audio/syllabes/fon.m4a	fon
audio/syllabes/fou.m4a	fou
audio/syllabes/fra.m4a	fra
audio/syllabes/fre.m4a	fre
audio/syllabes/fri.m4a	fri
audio/syllabes/fro.m4a	fro
audio/syllabes/fru.m4a	fru
audio/syllabes/fry.m4a	fry
audio/syllabes/fu.m4a	fu
audio/syllabes/fui.m4a	fui
audio/syllabes/fun.m4a	fun
audio/syllabes/fuy.m4a	fuy
audio/syllabes/fy.m4a	fy
audio/syllabes/fyn.m4a	fyn
audio/syllabes/ga.m4a	ga
audio/syllabes/gai.m4a	gai
audio/syllabes/gan.m4a	gan
audio/syllabes/gau.m4a	gau
audio/syllabes/ge.m4a	ge
audio/syllabes/gea.m4a	gea
audio/syllabes/gee.m4a	gee
audio/syllabes/gei.m4a	gei
audio/syllabes/gen.m4a	gen
audio/syllabes/geo.m4a	geo
audio/syllabes/geu.m4a	geu
audio/syllabes/gey.m4a	gey
audio/syllabes/gi.m4a	gi
audio/syllabes/gin.m4a	gin
audio/syllabes/gla.m4a	gla
audio/syllabes/gle.m4a	gle
audio/syllabes/gli.m4a	gli
audio/syllabes/glo.m4a	glo
audio/syllabes/glu.m4a	glu
audio/syllabes/gly.m4a	gly
audio/syllabes/go.m4a	go
audio/syllabes/goi.m4a	goi
audio/syllabes/gon.m4a	gon
audio/syllabes/gou.m4a	gou
audio/syllabes/gra.m4a	gra
audio/syllabes/gre.m4a	gre
audio/syllabes/gri.m4a	gri
audio/syllabes/gro.m4a	gro
audio/syllabes/gru.m4a	gru
audio/syllabes/gry.m4a	gry
audio/syllabes/gu.m4a	gu
audio/syllabes/gua.m4a	gua
audio/syllabes/gue.m4a	gue
audio/syllabes/gui.m4a	gui
audio/syllabes/gun.m4a	gun
audio/syllabes/guo.m4a	guo
audio/syllabes/guu.m4a	guu
audio/syllabes/guy.m4a	guy
audio/syllabes/gy.m4a	gy
audio/syllabes/gyn.m4a	gyn
audio/syllabes/ha.m4a	ha
audio/syllabes/hai.m4a	hai
audio/syllabes/han.m4a	han
audio/syllabes/hau.m4a	hau
audio/syllabes/he.m4a	he
audio/syllabes/hei.m4a	hei
audio/syllabes/hen.m4a	hen
audio/syllabes/heu.m4a	heu
audio/syllabes/hi.m4a	hi
audio/syllabes/hin.m4a	hin
audio/syllabes/ho.m4a	ho
audio/syllabes/hoi.m4a	hoi
audio/syllabes/hon.m4a	hon
audio/syllabes/hou.m4a	hou
audio/syllabes/hu.m4a	hu
audio/syllabes/hui.m4a	hui
audio/syllabes/hun.m4a	hun
audio/syllabes/huy.m4a	huy
audio/syllabes/hy.m4a	hy
audio/syllabes/hyn.m4a	hyn
audio/syllabes/il.m4a	il
audio/syllabes/im.m4a	im
audio/syllabes/imm.m4a	imm
audio/syllabes/in.m4a	in
audio/syllabes/inl.m4a	inl
audio/syllabes/inm.m4a	inm
audio/syllabes/inn.m4a	inn
audio/syllabes/inp.m4a	inp
audio/syllabes/inr.m4a	inr
audio/syllabes/ins.m4a	ins
audio/syllabes/int.m4a	int
audio/syllabes/ip.m4a	ip
audio/syllabes/ir.m4a	ir
audio/syllabes/is.m4a	is
audio/syllabes/it.m4a	it
audio/syllabes/ja.m4a	ja
audio/syllabes/jai.m4a	jai
audio/syllabes/jan.m4a	jan
audio/syllabes/jau.m4a	jau
audio/syllabes/je.m4a	je
audio/syllabes/jei.m4a	jei
audio/syllabes/jen.m4a	jen
audio/syllabes/jeu.m4a	jeu
audio/syllabes/ji.m4a	ji
audio/syllabes/jin.m4a	jin
audio/syllabes/jo.m4a	jo
audio/syllabes/joi.m4a	joi
audio/syllabes/jon.m4a	jon
audio/syllabes/jou.m4a	jou
audio/syllabes/ju.m4a	ju
audio/syllabes/jui.m4a	jui
audio/syllabes/jun.m4a	jun
audio/syllabes/juy.m4a	juy
audio/syllabes/jy.m4a	jy
audio/syllabes/jyn.m4a	jyn
audio/syllabes/ka.m4a	ka
audio/syllabes/kai.m4a	kai
audio/syllabes/kan.m4a	kan
audio/syllabes/kau.m4a	kau
audio/syllabes/ke.m4a	ke
audio/syllabes/kei.m4a	kei
audio/syllabes/ken.m4a	ken
audio/syllabes/keu.m4a	keu
audio/syllabes/ki.m4a	ki
audio/syllabes/kin.m4a	kin
audio/syllabes/kla.m4a	kla
audio/syllabes/kle.m4a	kle
audio/syllabes/kli.m4a	kli
audio/syllabes/klo.m4a	klo
audio/syllabes/klu.m4a	klu
audio/syllabes/kly.m4a	kly
audio/syllabes/ko.m4a	ko
audio/syllabes/koi.m4a	koi
audio/syllabes/kon.m4a	kon
audio/syllabes/kou.m4a	kou
audio/syllabes/kra.m4a	kra
audio/syllabes/kre.m4a	kre
audio/syllabes/kri.m4a	kri
audio/syllabes/kro.m4a	kro
audio/syllabes/kru.m4a	kru
audio/syllabes/kry.m4a	kry
audio/syllabes/ku.m4a	ku
audio/syllabes/kui.m4a	kui
audio/syllabes/kun.m4a	kun
audio/syllabes/kuy.m4a	kuy
audio/syllabes/ky.m4a	ky
audio/syllabes/kyn.m4a	kyn
audio/syllabes/la.m4a	la
audio/syllabes/lai.m4a	lai
audio/syllabes/lan.m4a	lan
audio/syllabes/lau.m4a	lau
audio/syllabes/le.m4a	le
audio/syllabes/lei.m4a	lei
audio/syllabes/len.m4a	len
audio/syllabes/leu.m4a	leu
audio/syllabes/li.m4a	li
audio/syllabes/lin.m4a	lin
audio/syllabes/lo.m4a	lo
audio/syllabes/loi.m4a	loi
audio/syllabes/lon.m4a	lon
audio/syllabes/lou.m4a	lou
audio/syllabes/lu.m4a	lu
audio/syllabes/lui.m4a	lui
audio/syllabes/lun.m4a	lun
audio/syllabes/luy.m4a	luy
audio/syllabes/ly.m4a	ly
audio/syllabes/lyn.m4a	lyn
audio/syllabes/ma.m4a	ma
audio/syllabes/mai.m4a	mai
audio/syllabes/man.m4a	man
audio/syllabes/mau.m4a	mau
audio/syllabes/me.m4a	me
audio/syllabes/mei.m4a	mei
audio/syllabes/men.m4a	men
audio/syllabes/meu.m4a	meu
audio/syllabes/mi.m4a	mi
audio/syllabes/min.m4a	min
audio/syllabes/mo.m4a	mo
audio/syllabes/moi.m4a	moi
audio/syllabes/mon.m4a	mon
audio/syllabes/mou.m4a	mou
audio/syllabes/mu.m4a	mu
audio/syllabes/mui.m4a	mui
audio/syllabes/mun.m4a	mun
audio/syllabes/muy.m4a	muy
audio/syllabes/my.m4a	my
audio/syllabes/myn.m4a	myn
audio/syllabes/na.m4a	na
audio/syllabes/nai.m4a	nai
audio/syllabes/nan.m4a	nan
audio/syllabes/nau.m4a	nau
audio/syllabes/ne.m4a	ne
audio/syllabes/nei.m4a	nei
audio/syllabes/nen.m4a	nen
audio/syllabes/neu.m4a	neu
audio/syllabes/ni.m4a	ni
audio/syllabes/nin.m4a	nin
audio/syllabes/no.m4a	no
audio/syllabes/noi.m4a	noi
audio/syllabes/non.m4a	non
audio/syllabes/nou.m4a	nou
audio/syllabes/nu.m4a	nu
audio/syllabes/nui.m4a	nui
audio/syllabes/nun.m4a	nun
audio/syllabes/nuy.m4a	nuy
audio/syllabes/ny.m4a	ny
audio/syllabes/nyn.m4a	nyn
audio/syllabes/ol.m4a	ol
audio/syllabes/om.m4a	om
audio/syllabes/on.m4a	on
audio/syllabes/op.m4a	op
audio/syllabes/or.m4a	or
audio/syllabes/os.m4a	os
audio/syllabes/ot.m4a	ot
audio/syllabes/oth.m4a	oth
audio/syllabes/oul.m4a	oul
audio/syllabes/oum.m4a	oum
audio/syllabes/oun.m4a	oun
audio/syllabes/oup.m4a	oup
audio/syllabes/our.m4a	our
audio/syllabes/ous.m4a	ous
audio/syllabes/out.m4a	out
audio/syllabes/pa.m4a	pa
audio/syllabes/pai.m4a	pai
audio/syllabes/pan.m4a	pan
audio/syllabes/pau.m4a	pau
audio/syllabes/pe.m4a	pe
audio/syllabes/pei.m4a	pei
audio/syllabes/pen.m4a	pen
audio/syllabes/peu.m4a	peu
audio/syllabes/pha.m4a	pha
audio/syllabes/phe.m4a	phe
audio/syllabes/phi.m4a	phi
audio/syllabes/pho.m4a	pho
audio/syllabes/phu.m4a	phu
audio/syllabes/phy.m4a	phy
audio/syllabes/pi.m4a	pi
audio/syllabes/pin.m4a	pin
audio/syllabes/pla.m4a	pla
audio/syllabes/ple.m4a	ple
audio/syllabes/pli.m4a	pli
audio/syllabes/plo.m4a	plo
audio/syllabes/plu.m4a	plu
audio/syllabes/ply.m4a	ply
audio/syllabes/po.m4a	po
audio/syllabes/poi.m4a	poi
audio/syllabes/pon.m4a	pon
audio/syllabes/pou.m4a	pou
audio/syllabes/pra.m4a	pra
audio/syllabes/pre.m4a	pre
audio/syllabes/pri.m4a	pri
audio/syllabes/pro.m4a	pro
audio/syllabes/pru.m4a	pru
audio/syllabes/pry.m4a	pry
audio/syllabes/pu.m4a	pu
audio/syllabes/pui.m4a	pui
audio/syllabes/pun.m4a	pun
audio/syllabes/puy.m4a	puy
audio/syllabes/py.m4a	py
audio/syllabes/pyn.m4a	pyn
audio/syllabes/qua.m4a	qua
audio/syllabes/que.m4a	que
audio/syllabes/qui.m4a	qui
audio/syllabes/quo.m4a	quo
audio/syllabes/quu.m4a	quu
audio/syllabes/quy.m4a	quy
audio/syllabes/ra.m4a	ra
audio/syllabes/rai.m4a	rai
audio/syllabes/ran.m4a	ran
audio/syllabes/rau.m4a	rau
audio/syllabes/re.m4a	re
audio/syllabes/rei.m4a	rei
audio/syllabes/ren.m4a	ren
audio/syllabes/reu.m4a	reu
audio/syllabes/ri.m4a	ri
audio/syllabes/rin.m4a	rin
audio/syllabes/ro.m4a	ro
audio/syllabes/roi.m4a	roi
audio/syllabes/ron.m4a	ron
audio/syllabes/rou.m4a	rou
audio/syllabes/ru.m4a	ru
audio/syllabes/rui.m4a	rui
audio/syllabes/run.m4a	run
audio/syllabes/ruy.m4a	ruy
audio/syllabes/ry.m4a	ry
audio/syllabes/ryn.m4a	ryn
audio/syllabes/sa.m4a	sa
audio/syllabes/sai.m4a	sai
audio/syllabes/san.m4a	san
audio/syllabes/sau.m4a	sau
audio/syllabes/se.m4a	se
audio/syllabes/sei.m4a	sei
audio/syllabes/sen.m4a	sen
audio/syllabes/seu.m4a	seu
audio/syllabes/sha.m4a	sha
audio/syllabes/si.m4a	si
audio/syllabes/sin.m4a	sin
audio/syllabes/so.m4a	so
audio/syllabes/soi.m4a	soi
audio/syllabes/son.m4a	son
audio/syllabes/sou.m4a	sou
audio/syllabes/su.m4a	su
audio/syllabes/sui.m4a	sui
audio/syllabes/sun.m4a	sun
audio/syllabes/suy.m4a	suy
audio/syllabes/sy.m4a	sy
audio/syllabes/syn.m4a	syn
audio/syllabes/ta.m4a	ta
audio/syllabes/tai.m4a	tai
audio/syllabes/tan.m4a	tan
audio/syllabes/tau.m4a	tau
audio/syllabes/te.m4a	te
audio/syllabes/tei.m4a	tei
audio/syllabes/ten.m4a	ten
audio/syllabes/teu.m4a	teu
audio/syllabes/tha.m4a	tha
audio/syllabes/the.m4a	the
audio/syllabes/thi.m4a	thi
audio/syllabes/tho.m4a	tho
audio/syllabes/thu.m4a	thu
audio/syllabes/thy.m4a	thy
audio/syllabes/ti.m4a	ti
audio/syllabes/tin.m4a	tin
audio/syllabes/to.m4a	to
audio/syllabes/toi.m4a	toi
audio/syllabes/ton.m4a	ton
audio/syllabes/tou.m4a	tou
audio/syllabes/tra.m4a	tra
audio/syllabes/tre.m4a	tre
audio/syllabes/tri.m4a	tri
audio/syllabes/tro.m4a	tro
audio/syllabes/tru.m4a	tru
audio/syllabes/try.m4a	try
audio/syllabes/tu.m4a	tu
audio/syllabes/tui.m4a	tui
audio/syllabes/tun.m4a	tun
audio/syllabes/tuy.m4a	tuy
audio/syllabes/ty.m4a	ty
audio/syllabes/tyn.m4a	tyn
audio/syllabes/ul.m4a	ul
audio/syllabes/um.m4a	um
audio/syllabes/un.m4a	un
audio/syllabes/up.m4a	up
audio/syllabes/ur.m4a	ur
audio/syllabes/us.m4a	us
audio/syllabes/ut.m4a	ut
audio/syllabes/uth.m4a	uth
audio/syllabes/va.m4a	va
audio/syllabes/vai.m4a	vai
audio/syllabes/van.m4a	van
audio/syllabes/vau.m4a	vau
audio/syllabes/ve.m4a	ve
audio/syllabes/vei.m4a	vei
audio/syllabes/ven.m4a	ven
audio/syllabes/veu.m4a	veu
audio/syllabes/vi.m4a	vi
audio/syllabes/vin.m4a	vin
audio/syllabes/vla.m4a	vla
audio/syllabes/vle.m4a	vle
audio/syllabes/vli.m4a	vli
audio/syllabes/vlo.m4a	vlo
audio/syllabes/vlu.m4a	vlu
audio/syllabes/vly.m4a	vly
audio/syllabes/vo.m4a	vo
audio/syllabes/voi.m4a	voi
audio/syllabes/von.m4a	von
audio/syllabes/vou.m4a	vou
audio/syllabes/vra.m4a	vra
audio/syllabes/vre.m4a	vre
audio/syllabes/vri.m4a	vri
audio/syllabes/vro.m4a	vro
audio/syllabes/vru.m4a	vru
audio/syllabes/vry.m4a	vry
audio/syllabes/vu.m4a	vu
audio/syllabes/vui.m4a	vui
audio/syllabes/vun.m4a	vun
audio/syllabes/vuy.m4a	vuy
audio/syllabes/vy.m4a	vy
audio/syllabes/vyn.m4a	vyn
audio/syllabes/xa.m4a	xa
audio/syllabes/xai.m4a	xai
audio/syllabes/xan.m4a	xan
audio/syllabes/xau.m4a	xau
audio/syllabes/xe.m4a	xe
audio/syllabes/xei.m4a	xei
audio/syllabes/xen.m4a	xen
audio/syllabes/xeu.m4a	xeu
audio/syllabes/xi.m4a	xi
audio/syllabes/xin.m4a	xin
audio/syllabes/xo.m4a	xo
audio/syllabes/xoi.m4a	xoi
audio/syllabes/xon.m4a	xon
audio/syllabes/xou.m4a	xou
audio/syllabes/xu.m4a	xu
audio/syllabes/xui.m4a	xui
audio/syllabes/xun.m4a	xun
audio/syllabes/xuy.m4a	xuy
audio/syllabes/xy.m4a	xy
audio/syllabes/xyn.m4a	xyn
audio/syllabes/yl.m4a	yl
audio/syllabes/ym.m4a	ym
audio/syllabes/ymm.m4a	ymm
audio/syllabes/yn.m4a	yn
audio/syllabes/ynl.m4a	ynl
audio/syllabes/ynm.m4a	ynm
audio/syllabes/ynn.m4a	ynn
audio/syllabes/ynp.m4a	ynp
audio/syllabes/ynr.m4a	ynr
audio/syllabes/yns.m4a	yns
audio/syllabes/ynt.m4a	ynt
audio/syllabes/yp.m4a	yp
audio/syllabes/yr.m4a	yr
audio/syllabes/ys.m4a	ys
audio/syllabes/yt.m4a	yt
audio/syllabes/yth.m4a	yth
audio/syllabes/za.m4a	za
audio/syllabes/zai.m4a	zai
audio/syllabes/zan.m4a	zan
audio/syllabes/zau.m4a	zau
audio/syllabes/ze.m4a	ze
audio/syllabes/zei.m4a	zei
audio/syllabes/zen.m4a	zen
audio/syllabes/zeu.m4a	zeu
audio/syllabes/zi.m4a	zi
audio/syllabes/zin.m4a	zin
audio/syllabes/zo.m4a	zo
audio/syllabes/zoi.m4a	zoi
audio/syllabes/zon.m4a	zon
audio/syllabes/zou.m4a	zou
audio/syllabes/zu.m4a	zu
audio/syllabes/zui.m4a	zui
audio/syllabes/zun.m4a	zun
audio/syllabes/zuy.m4a	zuy
audio/syllabes/zy.m4a	zy
audio/syllabes/zyn.m4a	zyn
